{
    "vertices": [-2.52,-1.2,2.51999,2.52,-1.2,2.52,-2.52,-1.2,-2.51999,2.52,-1.2,-2.51999,-2.52,-1e-06,2.51999,2.52,1e-06,2.51999,-2.52,-0,-2.51999,2.52,1e-06,-2.52,2.52,-0.3,-2.52,-2.52,-0.299999,-2.51999,2.52,-0.3,2.51999,-2.52,-0.3,2.51999],
    "name": "Plane.004Geometry",
    "uvs": [[0.081023,0,0.161725,0,0.161725,0.081724,0.081023,0.081724,0.080702,0,0.080703,0.081724,0,0.081724,0,0,0.024339,0.082048,0.024339,0.163772,0.019535,0.163772,0.019535,0.082048,0.043874,0.082048,0.043874,0.163772,0.03907,0.163772,0.03907,0.082048,0.004804,0.082048,0.004804,0.163772,0,0.163772,0,0.082048,0.073017,0.163772,0.073017,0.082048,0.07782,0.082048,0.07782,0.163772,0.058606,0.163772,0.058606,0.082048,0.019215,0.082048,0.019215,0.163772,0.058285,0.082048,0.058285,0.163772,0.03875,0.082048,0.03875,0.163772]],
    "faces": [41,0,2,3,1,0,1,2,3,0,1,2,3,41,4,5,7,6,4,5,6,7,4,5,6,7,41,8,9,6,7,8,9,10,11,8,9,7,6,41,10,8,7,5,12,13,14,15,10,8,6,5,41,11,10,5,4,16,17,18,19,11,10,5,4,41,9,11,4,6,20,21,22,23,9,11,4,7,41,2,0,11,9,24,25,21,20,1,0,11,9,41,0,1,10,11,26,27,17,16,0,3,10,11,41,1,3,8,10,28,29,13,12,3,2,8,10,41,3,2,9,8,30,31,9,8,2,1,9,8],
    "metadata": {
        "vertices": 12,
        "generator": "io_three",
        "uvs": 1,
        "faces": 10,
        "type": "Geometry",
        "version": 3,
        "normals": 12
    },
    "normals": [-0.577349,-0.577349,0.577349,-0.577349,-0.577349,-0.577349,0.577349,-0.577349,-0.577349,0.577349,-0.577349,0.577349,-0.577349,0.577349,0.577349,0.577349,0.577349,0.577349,0.577349,0.577349,-0.577349,-0.577349,0.577349,-0.577349,0.707083,0,-0.707083,-0.707083,0,-0.707083,0.707083,0,0.707083,-0.707083,0,0.707083]
}